{"auc": [0.960915696367303, 0.9673875766116065, 0.9690886172033735, 0.9704931950755179, 0.9709077856140134], "eval_loss": [0.2452150136232376, 0.2112208604812622, 0.20623572170734406, 0.20258882641792297, 0.20164854824543]}