{"auc": [0.9602991453642834, 0.9671116909959167, 0.9690238374317336, 0.9696167628709785, 0.970210450425184], "eval_loss": [0.24629810452461243, 0.21435637772083282, 0.20780953764915466, 0.20569486916065216, 0.20512843132019043]}