{"auc": [0.9554947726534861, 0.9625382391181416, 0.9637888697682713], "eval_loss": [0.26410606503486633, 0.22941654920578003, 0.22418367862701416]}